Id,Category
0000.jpg,1
0001.jpg,1
0002.jpg,2
0003.jpg,2
0004.jpg,1
0005.jpg,1
0006.jpg,2
0007.jpg,1
0008.jpg,2
0009.jpg,1
0010.jpg,1
0011.jpg,2
0012.jpg,1
0013.jpg,2
0014.jpg,2
0015.jpg,2
0016.jpg,2
0017.jpg,2
0018.jpg,2
0019.jpg,1
0020.jpg,2
0021.jpg,2
0022.jpg,1
0023.jpg,1
0024.jpg,1
0025.jpg,2
0026.jpg,2
0027.jpg,1
0028.jpg,2
0029.jpg,2
0030.jpg,1
0031.jpg,2
0032.jpg,1
0033.jpg,1
0034.jpg,1
0035.jpg,1
0036.jpg,1
0037.jpg,1
0038.jpg,1
0039.jpg,2
0040.jpg,2
0041.jpg,2
0042.jpg,2
0043.jpg,1
0044.jpg,2
0045.jpg,1
0046.jpg,2
0047.jpg,1
0048.jpg,1
0049.jpg,2
0050.jpg,1
0051.jpg,1
0052.jpg,2
0053.jpg,2
0054.jpg,1
0055.jpg,2
0056.jpg,1
0057.jpg,2
0058.jpg,2
0059.jpg,1
0060.jpg,1
0061.jpg,1
0062.jpg,1
0063.jpg,1
0064.jpg,2
0065.jpg,1
0066.jpg,1
0067.jpg,2
0068.jpg,2
0069.jpg,1
0070.jpg,1
0071.jpg,1
0072.jpg,1
0073.jpg,2
0074.jpg,2
0075.jpg,2
0076.jpg,2
0077.jpg,1
0078.jpg,2
0079.jpg,2
0080.jpg,1
0081.jpg,2
0082.jpg,1
0083.jpg,2
0084.jpg,1
0085.jpg,1
0086.jpg,2
0087.jpg,1
0088.jpg,1
0089.jpg,1
0090.jpg,1
0091.jpg,1
0092.jpg,2
0093.jpg,2
0094.jpg,2
0095.jpg,1
0096.jpg,1
0097.jpg,1
0098.jpg,2
0099.jpg,2
0100.jpg,1
0101.jpg,1
0102.jpg,1
0103.jpg,1
0104.jpg,2
0105.jpg,1
0106.jpg,2
0107.jpg,1
0108.jpg,2
0109.jpg,1
0110.jpg,2
0111.jpg,1
0112.jpg,2
0113.jpg,1
0114.jpg,2
0115.jpg,1
0116.jpg,1
0117.jpg,1
0118.jpg,2
0119.jpg,1
0120.jpg,1
0121.jpg,1
0122.jpg,2
0123.jpg,1
0124.jpg,2
0125.jpg,1
0126.jpg,2
0127.jpg,1
0128.jpg,1
0129.jpg,2
0130.jpg,1
0131.jpg,2
0132.jpg,1
0133.jpg,2
0134.jpg,2
0135.jpg,1
0136.jpg,2
0137.jpg,2
0138.jpg,1
0139.jpg,2
0140.jpg,1
0141.jpg,1
0142.jpg,1
0143.jpg,2
0144.jpg,1
0145.jpg,1
0146.jpg,2
0147.jpg,1
0148.jpg,1
0149.jpg,1
0150.jpg,1
0151.jpg,2
0152.jpg,1
0153.jpg,1
0154.jpg,2
0155.jpg,1
0156.jpg,1
0157.jpg,1
0158.jpg,2
0159.jpg,1
0160.jpg,1
0161.jpg,2
0162.jpg,1
0163.jpg,1
0164.jpg,2
0165.jpg,1
0166.jpg,2
0167.jpg,2
0168.jpg,2
0169.jpg,1
0170.jpg,1
0171.jpg,2
0172.jpg,1
0173.jpg,1
0174.jpg,1
0175.jpg,1
0176.jpg,1
0177.jpg,1
0178.jpg,1
0179.jpg,1
0180.jpg,1
0181.jpg,2
0182.jpg,2
0183.jpg,2
0184.jpg,1
0185.jpg,2
0186.jpg,1
0187.jpg,1
0188.jpg,2
0189.jpg,2
0190.jpg,2
0191.jpg,2
0192.jpg,2
0193.jpg,2
0194.jpg,1
0195.jpg,2
0196.jpg,1
0197.jpg,1
0198.jpg,2
0199.jpg,2
0200.jpg,2
0201.jpg,1
0202.jpg,2
0203.jpg,2
0204.jpg,2
0205.jpg,2
0206.jpg,2
0207.jpg,2
0208.jpg,1
0209.jpg,2
0210.jpg,2
0211.jpg,1
0212.jpg,1
0213.jpg,1
0214.jpg,1
0215.jpg,1
0216.jpg,2
0217.jpg,2
0218.jpg,1
0219.jpg,2
0220.jpg,2
0221.jpg,2
0222.jpg,2
0223.jpg,1
0224.jpg,2
0225.jpg,1
0226.jpg,1
0227.jpg,2
0228.jpg,2
0229.jpg,2
0230.jpg,1
0231.jpg,1
0232.jpg,2
0233.jpg,2
0234.jpg,2
0235.jpg,2
0236.jpg,2
0237.jpg,2
0238.jpg,1
0239.jpg,1
0240.jpg,2
0241.jpg,1
0242.jpg,1
0243.jpg,2
0244.jpg,1
0245.jpg,2
0246.jpg,2
0247.jpg,2
0248.jpg,2
0249.jpg,2
0250.jpg,1
0251.jpg,2
0252.jpg,2
0253.jpg,2
0254.jpg,1
0255.jpg,2
0256.jpg,2
0257.jpg,2
0258.jpg,1
0259.jpg,1
0260.jpg,2
0261.jpg,2
0262.jpg,2
0263.jpg,2
0264.jpg,2
0265.jpg,2
0266.jpg,2
0267.jpg,2
0268.jpg,2
0269.jpg,1
0270.jpg,2
0271.jpg,2
0272.jpg,1
0273.jpg,1
0274.jpg,2
0275.jpg,1
0276.jpg,1
0277.jpg,2
0278.jpg,2
0279.jpg,2
0280.jpg,2
0281.jpg,1
0282.jpg,2
0283.jpg,1
0284.jpg,2
0285.jpg,1
0286.jpg,2
0287.jpg,2
0288.jpg,2
0289.jpg,1
0290.jpg,1
0291.jpg,2
0292.jpg,1
0293.jpg,2
0294.jpg,1
0295.jpg,2
0296.jpg,2
0297.jpg,1
0298.jpg,1
0299.jpg,2
0300.jpg,2
0301.jpg,2
0302.jpg,2
0303.jpg,2
0304.jpg,1
0305.jpg,1
0306.jpg,2
0307.jpg,2
0308.jpg,2
0309.jpg,2
0310.jpg,2
0311.jpg,1
0312.jpg,1
0313.jpg,2
0314.jpg,2
0315.jpg,2
0316.jpg,2
0317.jpg,1
0318.jpg,2
0319.jpg,2
0320.jpg,1
0321.jpg,2
0322.jpg,1
0323.jpg,1
0324.jpg,1
0325.jpg,2
0326.jpg,1
0327.jpg,2
0328.jpg,2
0329.jpg,2
0330.jpg,1
0331.jpg,2
0332.jpg,1
0333.jpg,2
0334.jpg,2
0335.jpg,2
0336.jpg,1
0337.jpg,2
0338.jpg,1
0339.jpg,2
0340.jpg,2
0341.jpg,1
0342.jpg,2
0343.jpg,1
0344.jpg,2
0345.jpg,1
0346.jpg,2
0347.jpg,1
0348.jpg,2
0349.jpg,1
0350.jpg,1
0351.jpg,2
0352.jpg,1
0353.jpg,1
0354.jpg,2
0355.jpg,2
0356.jpg,1
0357.jpg,1
0358.jpg,2
0359.jpg,2
0360.jpg,1
0361.jpg,1
0362.jpg,1
0363.jpg,1
0364.jpg,1
0365.jpg,2
0366.jpg,1
0367.jpg,1
0368.jpg,1
0369.jpg,2
0370.jpg,1
0371.jpg,1
0372.jpg,2
0373.jpg,2
0374.jpg,1
0375.jpg,1
0376.jpg,1
0377.jpg,1
0378.jpg,1
0379.jpg,2
0380.jpg,2
0381.jpg,2
0382.jpg,1
0383.jpg,2
0384.jpg,1
0385.jpg,2
0386.jpg,2
0387.jpg,2
0388.jpg,1
0389.jpg,2
0390.jpg,2
0391.jpg,1
0392.jpg,2
0393.jpg,1
0394.jpg,1
0395.jpg,1
0396.jpg,1
0397.jpg,2
0398.jpg,1
0399.jpg,2
0400.jpg,2
0401.jpg,1
0402.jpg,1
0403.jpg,2
0404.jpg,2
0405.jpg,1
0406.jpg,2
0407.jpg,1
0408.jpg,2
0409.jpg,1
0410.jpg,1
0411.jpg,2
0412.jpg,2
0413.jpg,2
0414.jpg,1
0415.jpg,1
0416.jpg,2
0417.jpg,1
0418.jpg,2
0419.jpg,1
0420.jpg,1
0421.jpg,1
0422.jpg,2
0423.jpg,2
0424.jpg,2
0425.jpg,2
0426.jpg,1
0427.jpg,1
0428.jpg,2
0429.jpg,1
0430.jpg,2
0431.jpg,1
0432.jpg,2
0433.jpg,2
0434.jpg,1
0435.jpg,2
0436.jpg,2
0437.jpg,2
0438.jpg,2
0439.jpg,2
0440.jpg,2
0441.jpg,2
0442.jpg,2
0443.jpg,1
0444.jpg,2
0445.jpg,2
0446.jpg,2
0447.jpg,1
0448.jpg,2
0449.jpg,1
0450.jpg,2
0451.jpg,1
0452.jpg,2
0453.jpg,2
0454.jpg,2
0455.jpg,2
0456.jpg,1
0457.jpg,2
0458.jpg,2
0459.jpg,1
0460.jpg,1
0461.jpg,2
0462.jpg,1
0463.jpg,2
0464.jpg,2
0465.jpg,1
0466.jpg,2
0467.jpg,1
0468.jpg,1
0469.jpg,2
0470.jpg,1
0471.jpg,1
0472.jpg,2
0473.jpg,2
0474.jpg,1
0475.jpg,2
0476.jpg,1
0477.jpg,1
0478.jpg,2
0479.jpg,2
0480.jpg,2
0481.jpg,2
0482.jpg,1
0483.jpg,1
0484.jpg,2
0485.jpg,2
0486.jpg,1
0487.jpg,2
0488.jpg,1
0489.jpg,1
0490.jpg,2
0491.jpg,1
0492.jpg,1
0493.jpg,2
0494.jpg,1
0495.jpg,2
0496.jpg,1
0497.jpg,2
0498.jpg,1
0499.jpg,1
0500.jpg,2
0501.jpg,2
0502.jpg,2
0503.jpg,1
0504.jpg,2
0505.jpg,1
0506.jpg,1
0507.jpg,1
0508.jpg,2
0509.jpg,1
0510.jpg,1
0511.jpg,1
0512.jpg,1
0513.jpg,1
0514.jpg,1
0515.jpg,2
0516.jpg,2
0517.jpg,2
0518.jpg,2
0519.jpg,1
0520.jpg,1
0521.jpg,2
0522.jpg,2
0523.jpg,1
0524.jpg,2
0525.jpg,1
0526.jpg,1
0527.jpg,2
0528.jpg,1
0529.jpg,2
0530.jpg,1
0531.jpg,1
0532.jpg,1
0533.jpg,2
0534.jpg,1
0535.jpg,2
0536.jpg,1
0537.jpg,1
0538.jpg,1
0539.jpg,2
0540.jpg,1
0541.jpg,2
0542.jpg,1
0543.jpg,1
0544.jpg,2
0545.jpg,1
0546.jpg,2
0547.jpg,1
0548.jpg,2
0549.jpg,2
0550.jpg,1
0551.jpg,2
0552.jpg,1
0553.jpg,1
0554.jpg,2
0555.jpg,2
0556.jpg,1
0557.jpg,2
0558.jpg,2
0559.jpg,2
0560.jpg,1
0561.jpg,2
0562.jpg,2
0563.jpg,1
0564.jpg,2
0565.jpg,1
0566.jpg,2
0567.jpg,2
0568.jpg,2
0569.jpg,2
0570.jpg,2
0571.jpg,2
0572.jpg,2
0573.jpg,2
0574.jpg,2
0575.jpg,1
0576.jpg,1
0577.jpg,2
0578.jpg,2
0579.jpg,1
0580.jpg,1
0581.jpg,2
0582.jpg,2
0583.jpg,2
0584.jpg,2
0585.jpg,2
0586.jpg,2
0587.jpg,1
0588.jpg,1
0589.jpg,2
0590.jpg,1
0591.jpg,2
0592.jpg,1
0593.jpg,1
0594.jpg,2
0595.jpg,2
0596.jpg,2
0597.jpg,2
0598.jpg,2
0599.jpg,2
0600.jpg,1
0601.jpg,2
0602.jpg,1
0603.jpg,2
0604.jpg,2
0605.jpg,2
0606.jpg,2
0607.jpg,2
0608.jpg,1
0609.jpg,2
0610.jpg,2
0611.jpg,1
0612.jpg,2
0613.jpg,2
0614.jpg,2
0615.jpg,2
0616.jpg,2
0617.jpg,2
0618.jpg,2
0619.jpg,2
0620.jpg,1
0621.jpg,2
0622.jpg,1
0623.jpg,2
0624.jpg,2
0625.jpg,2
0626.jpg,1
0627.jpg,1
0628.jpg,1
0629.jpg,2
0630.jpg,2
0631.jpg,2
0632.jpg,2
0633.jpg,1
0634.jpg,2
0635.jpg,2
0636.jpg,1
0637.jpg,1
0638.jpg,2
0639.jpg,2
0640.jpg,2
0641.jpg,1
0642.jpg,1
0643.jpg,2
0644.jpg,1
0645.jpg,2
0646.jpg,2
0647.jpg,2
0648.jpg,2
0649.jpg,2
0650.jpg,2
0651.jpg,2
0652.jpg,1
0653.jpg,2
0654.jpg,2
0655.jpg,2
0656.jpg,1
0657.jpg,2
0658.jpg,1
0659.jpg,2
0660.jpg,1
0661.jpg,1
0662.jpg,2
0663.jpg,1
0664.jpg,1
0665.jpg,1
0666.jpg,1
0667.jpg,2
0668.jpg,2
0669.jpg,2
0670.jpg,2
0671.jpg,2
0672.jpg,1
0673.jpg,1
0674.jpg,2
0675.jpg,1
0676.jpg,2
0677.jpg,2
0678.jpg,1
0679.jpg,1
0680.jpg,2
0681.jpg,1
0682.jpg,2
0683.jpg,1
0684.jpg,2
0685.jpg,2
0686.jpg,2
0687.jpg,2
0688.jpg,1
0689.jpg,1
0690.jpg,2
0691.jpg,1
0692.jpg,2
0693.jpg,2
0694.jpg,2
0695.jpg,2
0696.jpg,2
0697.jpg,2
0698.jpg,1
0699.jpg,2
0700.jpg,2
0701.jpg,2
0702.jpg,1
0703.jpg,2
0704.jpg,2
0705.jpg,2
0706.jpg,2
0707.jpg,2
0708.jpg,2
0709.jpg,1
0710.jpg,1
0711.jpg,2
0712.jpg,1
0713.jpg,1
0714.jpg,1
0715.jpg,2
0716.jpg,1
0717.jpg,2
0718.jpg,2
0719.jpg,2
0720.jpg,2
0721.jpg,2
0722.jpg,2
0723.jpg,1
0724.jpg,1
0725.jpg,1
0726.jpg,2
0727.jpg,2
0728.jpg,1
0729.jpg,2
0730.jpg,2
0731.jpg,2
0732.jpg,2
0733.jpg,2
0734.jpg,2
0735.jpg,2
0736.jpg,1
0737.jpg,2
0738.jpg,1
0739.jpg,2
0740.jpg,2
0741.jpg,2
0742.jpg,1
0743.jpg,1
0744.jpg,1
0745.jpg,1
0746.jpg,2
0747.jpg,2
0748.jpg,2
0749.jpg,2
0750.jpg,2
0751.jpg,2
0752.jpg,1
0753.jpg,2
0754.jpg,1
0755.jpg,2
0756.jpg,1
0757.jpg,2
0758.jpg,2
0759.jpg,1
0760.jpg,1
0761.jpg,1
0762.jpg,2
0763.jpg,1
0764.jpg,2
0765.jpg,1
0766.jpg,1
0767.jpg,1
0768.jpg,2
0769.jpg,2
0770.jpg,1
0771.jpg,2
0772.jpg,1
0773.jpg,1
0774.jpg,1
0775.jpg,1
0776.jpg,2
0777.jpg,2
0778.jpg,2
0779.jpg,1
0780.jpg,2
0781.jpg,1
0782.jpg,2
0783.jpg,2
0784.jpg,2
0785.jpg,2
0786.jpg,2
0787.jpg,2
0788.jpg,2
0789.jpg,2
0790.jpg,2
0791.jpg,2
0792.jpg,1
0793.jpg,2
0794.jpg,2
0795.jpg,1
0796.jpg,2
0797.jpg,1
0798.jpg,2
0799.jpg,2
0800.jpg,1
0801.jpg,2
0802.jpg,2
0803.jpg,2
0804.jpg,1
0805.jpg,2
0806.jpg,1
0807.jpg,2
0808.jpg,1
0809.jpg,2
0810.jpg,1
0811.jpg,1
0812.jpg,2
0813.jpg,2
0814.jpg,1
0815.jpg,2
0816.jpg,2
0817.jpg,2
0818.jpg,1
0819.jpg,2
0820.jpg,1
0821.jpg,1
0822.jpg,2
0823.jpg,1
0824.jpg,2
0825.jpg,2
0826.jpg,1
0827.jpg,2
0828.jpg,2
0829.jpg,2
0830.jpg,2
0831.jpg,2
0832.jpg,1
0833.jpg,2
0834.jpg,2
0835.jpg,1
0836.jpg,2
0837.jpg,2
0838.jpg,1
0839.jpg,1
0840.jpg,1
0841.jpg,1
0842.jpg,1
0843.jpg,1
0844.jpg,2
0845.jpg,1
0846.jpg,2
0847.jpg,2
0848.jpg,1
0849.jpg,1
0850.jpg,1
0851.jpg,2
0852.jpg,1
0853.jpg,1
0854.jpg,1
0855.jpg,1
0856.jpg,2
0857.jpg,2
0858.jpg,2
0859.jpg,2
0860.jpg,2
0861.jpg,2
0862.jpg,1
0863.jpg,2
0864.jpg,2
0865.jpg,1
0866.jpg,2
0867.jpg,2
0868.jpg,2
0869.jpg,2
0870.jpg,1
0871.jpg,2
0872.jpg,2
0873.jpg,2
0874.jpg,2
0875.jpg,2
0876.jpg,1
0877.jpg,2
0878.jpg,1
0879.jpg,1
0880.jpg,2
0881.jpg,1
0882.jpg,1
0883.jpg,1
0884.jpg,2
0885.jpg,1
0886.jpg,1
0887.jpg,1
0888.jpg,2
0889.jpg,2
0890.jpg,1
0891.jpg,2
0892.jpg,2
0893.jpg,2
0894.jpg,1
0895.jpg,2
0896.jpg,1
0897.jpg,1
0898.jpg,2
0899.jpg,2
0900.jpg,1
0901.jpg,1
0902.jpg,2
0903.jpg,1
0904.jpg,2
0905.jpg,1
0906.jpg,2
0907.jpg,2
0908.jpg,2
0909.jpg,2
0910.jpg,2
0911.jpg,2
0912.jpg,1
0913.jpg,1
0914.jpg,2
